title,content
워크스테이션 도킹 문제,"Q. 워크스테이션으로 도킹 시 시간이 많이 소요되거나 도킹이 되지 않을 때(공통)
A-1. 제품 렌즈를 닦아주십시오. 제품의 렌즈가 더러워졌을 시 도킹 위치 인식이 어려울 수 있으므로 렌즈를 닦아주시길 바랍니다.
A-2. 워크스테이션의 모터베이스, QR 코드 패널 닦아주십시오. 모터베이스와 QR 코드 패널에 오염이 있을 시 제품이 인식하기 어려울 수 있으므로 모터베이스와 QR코드 패널을 닦아주시길 바랍니다.
A-3. 워크스테이션이나 제품을 재부팅하십시오. 제품과 워크스테이션 간 연결에 오류가 있을 수 있으므로 워크스테이션의 전원을 해제한 후 1~2분 후 전원을 켜주시길 바랍니다. PUDU의 청소로봇을 2대 이상 사용시, 각 제품의 워크스테이션간 충돌이 있을 수 있으므로 한 쪽 워크스테이션의 전원을 끄고 작동해보시길 바랍니다.
A-4. 맵핑 시 설정했던 워크스테이션을 재등록 하십시오. 워크스테이션의 위치가 정확하게 인식되지 않았을 수도 있으므로 워크스테이션을 재등록하시길 바랍니다.
A-5. 맵핑 시 제한 구역 위치를 확인하십시오. 제한 구역을 설정할 때 워크스테이션이 제한 구역에 포함되었을 가능성이 있으므로, 제한 구역을 수정해주시길 바랍니다."
제품 작동 문제,"Q. 제품이 작동하지 않을 때(공통)
A-1. 제품의 전원이 꺼져있는지 확인하십시오. 패널을 터치해보고, 켜지지 않을 시 제품 하단에 있는 전원 버튼을 눌러 전원을 연결하시길 바랍니다.
A-2. 배터리가 충분하지 않은지 확인하십시오. 전원이 켜진 제품의 배터리가 충전되어있는지 확인하시길 바랍니다. 배터리의 잔량이 적은 경우, 워크스테이션으로 연결하여 충전해주시길 바랍니다. 전원이 켜지지 않을 시 제품을 수동으로 밀어 워크스테이션에 도킹시켜주십시오.
A-3. 비상정지 버튼을 확인하십시오. 비상정지 버튼 작동 시 제품은 동작을 중지합니다. 버튼을 화살표 방향으로 돌려 비상정지를 해제하십시오. 제품이 켜져있을 경우, 비상정지 시 패널에 비상정지 상황이 나타나니 참고하시길 바랍니다."
작업 중 작동 중지,"Q. 제품이 작업 중 작동 중지 발생(공통)
A-1. 제품의 배터리를 확인하십시오. 배터리의 잔량이 충분하지 않은 경우, 작업 중 작동이 중지될 수 있습니다. 배터리 잔량이 충분하지 않은 경우 제품이 자동으로 워크스테이션에서 자동으로 충전을 하지만, 제품이 워크스테이션과 분리되어 장시간 방치될 시 배터리가 방전됩니다.
A-2. 제품의 이동 경로에 장애물이 있는지 확인하십시오. 제품 맵핑 시 경로에 없었던 장애물이 발생하면 작동이 중지될 수 있습니다.
A-3. 제품의 이동 경로에서 변경된 구조가 있는지 확인하십시오. 설정한 공간 내의 구조가 변경될 시, 이미 인식된 구조와 충돌하여 작업 중 작동이 중지될 수 있으니 확인 바랍니다. 설정 공간 내의 구조가 변경될 시, 맵핑을 수정해주시길 바랍니다."
배터리 방전,"Q. 제품의 배터리가 방전되었을 때
A-1. 수동으로 충전을 시켜주십시오. 수동으로 제품을 밀어 워크스테이션에 밀착 → 제품의 전원 On → 패널에 전원이 들어오고, 기존 화면이 켜짐. 기존 화면이 켜지고, 워크스테이션 상부의 LED 불빛이 파란색→초록색으로 변경되는지 확인하십시오. 제품에 전원이 들어오고, 배터리가 1% 가량 충전되는 것을 확인하기 전 까지는 제품을 워크스테이션으로 밀어주십시오. 제품이 완전히 방전되면 자동으로 충전을 할 수 없으니, 24시간 이상 제품을 사용하지 않을 경우 제품의 전원을 반드시 꺼주십시오."
