title,content,
CC1 청소기 흡입력 저하,"내부의 먼지통을 청소해주십시오. : (청소기 정면 - 페이스 기준으로) 오른쪽 하단의 마개를 열고 잠금장치를 해제한 후 먼지통을 비워주시길 바랍니다.
* 청소가 끝날 때 마다 먼지통을 비워주시면 매일 같은 성능의 청소기를 사용하실 수 있습니다.
스퀴지 측 흡입배관(오수관) 내 이물질을 제거해주십시오. : 제품의 오수통을 열고 오수관에 수압이 강한 호스를 삽입, 분사하시면 흡입배관으로 적체된 이물질이 배출되오니 확인하시길 바랍니다.
* 너무 강한 수압의 호스를 사용할 시 제품에 문제가 생길 수 있으니, 적당한 수압으로 이물질을 배출시켜주시길 바랍니다.
* 이물질이 많은 공간의 경우에는 배관 청소기를 별도로 구매하여 주기적으로 오수관을 청소해주시길 바랍니다.",
CC1 스퀴지의 성능 저하,"스퀴지가 달려있는 장치(물걸레 장치)를 분해하여 청소해주십시오. : 물걸레장치 아래에 이물질이 적체되어 있을 경우 스퀴지의 성능이 저하되었다고 느낄 수 있는 이물질을 제거해주시길 바랍니다.
* 정기적으로 물걸레장치를 분해하여 청소해주시면 깨끗한 바닥으로 청소가 가능합니다.
스퀴지의 높이를 조절해주십시오. : 패널에서 '설정' 메뉴 진입, 상단의 빈 공간을 길게 터치해주시면 소모품의 설정을 변경할 수 있습니다.
* 기준값은 24mm이며, 마모된 스퀴지의 높이를 28mm로 수정하면 지면으로 4mm 정도 내려와 스퀴지를 더 사용하실 수 있습니다.
스퀴지를 교체하십시오. : 위의 1번과 2번 방법 사용 후에도 스퀴지의 성능이 이전과 같지 않다면 스퀴지를 교체하시길 바랍니다.",
CC1 청소 기능 저하 - 먼지통과 스퀴지 문제 해결 후,"청소기 내부를 청소해주십시오. : (청소기 정면 - 페이스 기준으로) 오른쪽 하단의 마개를 열고 잠금장치를 해제한 후, 먼지통 옆 브러쉬를 해체 후 아래를 확인하시길 바랍니다.
청소기 내부의 하단에 청소용 브러쉬(별도 구매 요망)를 장착한 후, 화면의 '장비 상태 - 브러시 챔버 청소 - 브러시 챔버 자체 청소 시작 - 설치 완료'
* 정기적으로 청소기 내부를 청소해주시면 깨끗한 바닥으로 청소가 가능합니다.",
CC1 오수 배출 문제,"오수를 수동으로 배출해주십시오. : 청소기 후면의 오수 배출 호스를 당겨 빼낸 후, 화면의 '장비 상태 - 수동 배수 - 배수 시작'
* 청소기의 오수통을 청소하며 수동 배수를 실시하면 깨끗한 상태의 청소기를 사용하실 수 있습니다.",
CC1 청소기 작동 중 중단현상 및 오류 - 로봇 경로가 차단됨,"로봇 앞 장애물 제거 : 맵핑 후 청소 위치로 인식한 곳에 장애물이 발생하면 작동이 중지될 수 있으므로, 로봇 앞의 장애물을 제거 후 재가동 시켜주시길 바랍니다.
지도 뒤틀림 현상 발생 : 간헐적으로 지도 뒤틀림 현상이 발생할 수 있으므로 맵핑 설정 확인 후 워크스테이션과 로봇의 위치가 일치하지 않을 시, 워크스테이션을 재인식 시켜주시길 바랍니다.
설정→지도→사용 중인 지도 편집→매핑 확장→확장시작→워크스테이션 재인식 시도→'시작 지점 추가 완료' 메시지 표시 후 매핑 완료→완료
* 지도 뒤틀림 현상은 넓은 곳을 청소할 시 간헐적으로 발생할 수 있는 현상입니다.",
